[{"clave":"proyecto1","titulo":"Porfolio","descripcion":"Mostrar todos mis proyectos","imagen":"static\/images\/proyecto1.jpg","fecha":"2023-10-12","categorias":["css","javascript"]},{"clave":"proyecto2","titulo":"Torneo","descripcion":"Utilizar la API de un juego para coger los datos de los participantes","imagen":"static\/images\/torneo.png","fecha":"2022-11-14","categorias":["php","javascript"]},{"clave":"proyecto3","titulo":"MyFilms","descripcion":"Almacenar y categorizar pel\u00edculas seg\u00fan mis rese\u00f1as","imagen":"static\/images\/pelicula.png","fecha":"2023-11-14","categorias":["php","javascript"]},{"clave":"proyecto4","titulo":"Juego 2D","descripcion":"Juego web 2D de plataformas","imagen":"static\/images\/juego2d.png","fecha":"2020-11-14","categorias":["php","javascript"]},{"clave":"proyecto5","titulo":"Ropa","descripcion":"Venta de ropa de segunda mano","imagen":"static\/images\/ropa.png","fecha":"2019-11-14","categorias":["php","javascript"]}]