[
    {
        "clave" : "proyecto1",
        "titulo" : "Porfolio",
        "descripcion" : "Mostrar todos mis proyectos",
        "imagen" : "",
        "fecha" : "2021-11-15",
        "categorias" : ["css", "javascript"]
    },
    {
        "clave" : "proyecto2",
        "titulo" : "Torneo",
        "descripcion" : "Utilizar la API de un juego para coguer los datos de los participantes",
        "imagen" : "static/images/torneo.png",
        "fecha" : "2022-11-14",
        "categorias" : ["php", "javascript"]
    },
    {
        "clave" : "proyecto3",
        "titulo" : "MyFilms",
        "descripcion" : "Almacenar y categorizar peliculas segun mis reseñas",
        "imagen" : "static/images/pelicula.png",
        "fecha" : "2023-11-14",
        "categorias" : ["php", "javascript"]
    }
]